name	price
Waterproof Bluetooth 5.0 Earbuds Headphones Wireless Headset Noise Cancelling	$13.99 to $35.99
A6S Wireless Earbuds Bluetooth 5.0 Headphones Earphone Headset Noise Cancelling 	$20.99
Waterproof Bluetooth 5.0 Earbuds Headphones Wireless Headset Noise Cancelling	$23.39
2020 Wireless Earbuds Bluetooth 5.0 Headphones Earphone Headset Noise Cancelling	$18.60
Bluetooth Wireless Headphones Bluedio T5S Noise Cancelling Stereo Headsets Red	$26.00
Beats Solo Pro Bluetooth Wireless Noise Cancelling Headphones	$224.95
Wireless Bluetooth Noise Cancelling Trucker Headset Earpiece Earbud For Driving	$11.99
VIPEX Active Noise Cancelling Headphones, Bluetooth 5.0 Wireless Over Ear Headph	$33.75
Boltune Bluetooth Wireless Active Noise Cancelling Headphones BH010 SB14	$42.95
Wireless Headphones Bluetooth Over Ear Foldable Stereo Noise Cancelling Headset	$9.38
JBL T600BTNC Noise Cancelling, On-Ear, Wireless Bluetooth Headphone, Black (New)	$54.99
Bluetooth Wireless Headphones Over Ear Foldable Stereo Noise Cancelling Headset	$16.97
Wireless Bluetooth Headset Computer Headphones w/ Microphone Noise Cancelling US	$22.98 to $22.99
Wireless Headset Truck Driver Noise Cancelling Over-Head Bluetooth Headphones US	$18.85
Waterproof Bluetooth  Earbuds Headphones Wireless Headset Noise Cancelling 	$19.99
Bluedio T6 Bluetooth Headsets Active Noise Cancelling Wireless Headphones New	$28.00
Bluetooth Wireless Earbuds Headset Earphones Noise Cancelling with Charging Case	$29.99
Foldable Bluetooth 5.0 Headphones Earphones Wireless Headset Noise Cancelling	$16.89
Bluedio T5S Bluetooth  Headphones Wireless Noise Cancelling Headsets Mic	$26.00
Anker Hybrid Active Noise Cancelling Over Ear Headphones Wireless Bluetooth	$59.99
2020 Waterproof Bluetooth Earbuds Headphones Wireless Headset Noise Cancelling	$15.99 to $22.99
JBL Tune 600 BTNC Bluetooth Noise Cancelling On-Ear Wireless Headphones - White	$59.99
Skullcandy Venue Active Noise Cancelling Headphones,Over The Ear BT Wireless	$69.99
Bose QuietComfort 35 Noise Cancelling Wireless Headphones Series I - QC35	$149.99
Wireless Headphones Bluetooth Headset Noise Cancelling Over Ear With Microphone	$13.98
Sony WF-1000XM3 Wireless Bluetooth Noise Cancelling Headphones - Black #41	$104.95
JBL Tune 600 BTNC Black Over-Ear Wireless Bluetooth Noise Cancelling Headphones	$39.97
New ListingGuruGuru Active Noise Cancelling Bluetooth Wireless Over ear Headphones. 1 set	$32.95
New Bluedio T5 Generation Bluetooth Active Noise Cancelling Wireless Headphones	$34.99
Bose QuietComfort 35 Noise Cancelling Wireless Headphones Series II - QC35	$189.99
Wireless Headphones Bluetooth Over Ear Foldable Stereo Noise Cancelling Headset	$17.85 to $18.85
Sony WF-1000XM3 Wireless Bluetooth Noise Cancelling Headphones - Black	$70.00
Waterproof Bluetooth 5.0 Earbuds Headphones  Wireless Headset Noise Cancelling	$21.99
Foldable Wireless Headphones Bluetooth Headset Noise Cancelling w/Mic FM Radio	$16.93
Wireless Headphones Bluetooth Headset Over Ear Stereo Earphone Noise Cancelling	$16.95
Plantronics BackBeat PRO 2 Wireless Noise Cancelling Headphones	$87.99
Sony WF-1000XM3 Wireless Noise Cancelling Headphones - Black	$118.98
Beats Solo Pro Wireless Noise Cancelling Headphones Red | 100% Authentic	$229.00
Bluetooth Wireless Headphones Over Ear Foldable Stereo Noise Cancelling Headset	$14.99
Waterproof Wireless Bluetooth 5.0 Earbuds Headphones Headset Noise Cancelling	$20.59 to $20.99
New ListingNoise Cancelling Headset Bluetooth Wireless Phone with Mic Trucker Truck Driver	$14.99
Sony WF-1000XM3 Wireless Bluetooth Noise Cancelling Headphones - Silver #42 	$104.95
Waterproof Bluetooth 5.0 Earbuds Headphones Wireless Headset Noise Cancelling	$12.99 to $13.99
Wireless Headphones Stereo Bluetooth Headset Noise Cancelling Over Ear With Mic	$22.97
Bluetooth 5.0 Earbuds Headphones Wireless Headset Noise Cancelling Waterproof	$6.68 to $19.99
VIPEX Active Noise Cancelling Headphones Bluetooth 5.0 Wireless 30 Hrs play time	$35.99
Wireless Headset Truck Driver Noise Cancelling Bluetooth Headphones With Mic USA	$14.69
Sony WH-1000XM2 Wireless Bluetooth Noise Cancelling Hi-Fi Headphones	$199.99
Wireless Bluetooth 5.0 Headphones Foldable Earphones Noise Cancelling Headset	$13.98
JBL Everest Elite 750NC Bluetooth Wireless Headphones Noise Cancelling Gun Metal	$114.95
Wireless Bluetooth Headphones Over Ear Stereo Earphones Headset Noise Cancelling	$20.99 to $21.59
COWIN E7 Active Noise Cancelling Wireless Bluetooth Headphones with Microphone	$59.99
Cowin E7 [2018 Upgraded] Noise Cancelling Headset Wireless Bluetooth Headphones 	$47.99
Pioneer SE-MS9BN-G Bluetooth Wireless Noise Cancelling Headphones - Brand New!	$144.99
Wireless Bluetooth Headphones Over Ear Foldable Stereo Noise Cancelling Headsets	$16.97
Waterproof Bluetooth Earbuds Headphones Wireless Headset Noise Cancelling US	$19.99
MPOW H5 ANC Bluetooth 5.0 Noise Cancelling Headphones Deep Bass 30 Hours Play	$29.98
Sony CH700N Wireless Bluetooth Noise Cancelling Headphones - WH-CH700N/L	$79.99
P47 Bluetooth Wireless Headphones Headset Noise Cancelling Over Ear & Microphone	$11.89
AUSDOM ANC8 Active Noise Cancelling Bluetooth Headphones - Wireless Over-Ear	$43.00
Bluetooth Noise Cancelling Headphones Over Ear Stereo Earphones Wireless Headset	$18.99
Wireless Bluetooth Headphones Noise Cancelling Hands-free Headset With FM Radio	$22.98
2020 Waterproof Bluetooth Earbuds Headphones Wireless Headset Noise Cancelling	$17.99 to $22.99
Waterproof Bluetooth 5.0 Earbuds Headphones Wireless Headset Noise Cancelling	$13.99 to $35.99
A6S Wireless Earbuds Bluetooth 5.0 Headphones Earphone Headset Noise Cancelling 	$20.99
Waterproof Bluetooth 5.0 Earbuds Headphones Wireless Headset Noise Cancelling	$23.39
2020 Wireless Earbuds Bluetooth 5.0 Headphones Earphone Headset Noise Cancelling	$18.60
Bluetooth Wireless Headphones Bluedio T5S Noise Cancelling Stereo Headsets Red	$26.00
Beats Solo Pro Bluetooth Wireless Noise Cancelling Headphones	$224.95
Wireless Bluetooth Noise Cancelling Trucker Headset Earpiece Earbud For Driving	$11.99
VIPEX Active Noise Cancelling Headphones, Bluetooth 5.0 Wireless Over Ear Headph	$33.75
Boltune Bluetooth Wireless Active Noise Cancelling Headphones BH010 SB14	$42.95
Wireless Headphones Bluetooth Over Ear Foldable Stereo Noise Cancelling Headset	$9.38
JBL T600BTNC Noise Cancelling, On-Ear, Wireless Bluetooth Headphone, Black (New)	$54.99
Bluetooth Wireless Headphones Over Ear Foldable Stereo Noise Cancelling Headset	$16.97
Wireless Bluetooth Headset Computer Headphones w/ Microphone Noise Cancelling US	$22.98 to $22.99
Wireless Headset Truck Driver Noise Cancelling Over-Head Bluetooth Headphones US	$18.85
Waterproof Bluetooth  Earbuds Headphones Wireless Headset Noise Cancelling 	$19.99
Bluedio T6 Bluetooth Headsets Active Noise Cancelling Wireless Headphones New	$28.00
Foldable Bluetooth 5.0 Headphones Earphones Wireless Headset Noise Cancelling	$16.89
Bluetooth Wireless Earbuds Headset Earphones Noise Cancelling with Charging Case	$29.99
Bluedio T5S Bluetooth  Headphones Wireless Noise Cancelling Headsets Mic	$26.00
Anker Hybrid Active Noise Cancelling Over Ear Headphones Wireless Bluetooth	$59.99
2020 Waterproof Bluetooth Earbuds Headphones Wireless Headset Noise Cancelling	$15.99 to $22.99
JBL Tune 600 BTNC Bluetooth Noise Cancelling On-Ear Wireless Headphones - White	$59.99
Skullcandy Venue Active Noise Cancelling Headphones,Over The Ear BT Wireless	$69.99
Bose QuietComfort 35 Noise Cancelling Wireless Headphones Series I - QC35	$149.99
Wireless Headphones Bluetooth Headset Noise Cancelling Over Ear With Microphone	$13.98
Sony WF-1000XM3 Wireless Bluetooth Noise Cancelling Headphones - Black #41	$104.95
JBL Tune 600 BTNC Black Over-Ear Wireless Bluetooth Noise Cancelling Headphones	$39.97
New ListingGuruGuru Active Noise Cancelling Bluetooth Wireless Over ear Headphones. 1 set	$32.95
New Bluedio T5 Generation Bluetooth Active Noise Cancelling Wireless Headphones	$34.99
Bose QuietComfort 35 Noise Cancelling Wireless Headphones Series II - QC35	$189.99
Wireless Headphones Bluetooth Over Ear Foldable Stereo Noise Cancelling Headset	$17.85 to $18.85
Sony WF-1000XM3 Wireless Bluetooth Noise Cancelling Headphones - Black	$70.00
Waterproof Bluetooth 5.0 Earbuds Headphones  Wireless Headset Noise Cancelling	$21.99
Foldable Wireless Headphones Bluetooth Headset Noise Cancelling w/Mic FM Radio	$16.93
Wireless Headphones Bluetooth Headset Over Ear Stereo Earphone Noise Cancelling	$16.95
Plantronics BackBeat PRO 2 Wireless Noise Cancelling Headphones	$87.99
Sony WF-1000XM3 Wireless Noise Cancelling Headphones - Black	$118.98
Beats Solo Pro Wireless Noise Cancelling Headphones Red | 100% Authentic	$229.00
Bluetooth Wireless Headphones Over Ear Foldable Stereo Noise Cancelling Headset	$14.99
Waterproof Wireless Bluetooth 5.0 Earbuds Headphones Headset Noise Cancelling	$20.59 to $20.99
New ListingNoise Cancelling Headset Bluetooth Wireless Phone with Mic Trucker Truck Driver	$14.99
Sony WF-1000XM3 Wireless Bluetooth Noise Cancelling Headphones - Silver #42 	$104.95
Waterproof Bluetooth 5.0 Earbuds Headphones Wireless Headset Noise Cancelling	$12.99 to $13.99
Wireless Headphones Stereo Bluetooth Headset Noise Cancelling Over Ear With Mic	$22.97
VIPEX Active Noise Cancelling Headphones Bluetooth 5.0 Wireless 30 Hrs play time	$35.99
Pioneer SE-MS9BN-G Bluetooth Wireless Noise Cancelling Headphones - Brand New!	$144.99
Wireless Headset Truck Driver Noise Cancelling Bluetooth Headphones With Mic USA	$14.69
Wireless Bluetooth Headphones Over Ear Stereo Earphones Headset Noise Cancelling	$20.99 to $21.59
Sony WH-1000XM2 Wireless Bluetooth Noise Cancelling Hi-Fi Headphones	$199.99
Wireless Bluetooth 5.0 Headphones Foldable Earphones Noise Cancelling Headset	$13.98
JBL Everest Elite 750NC Bluetooth Wireless Headphones Noise Cancelling Gun Metal	$114.95
Bluetooth 5.0 Earbuds Headphones Wireless Headset Noise Cancelling Waterproof	$6.68 to $19.99
COWIN E7 Active Noise Cancelling Wireless Bluetooth Headphones with Microphone	$59.99
Cowin E7 [2018 Upgraded] Noise Cancelling Headset Wireless Bluetooth Headphones 	$47.99
Wireless Bluetooth Headphones Over Ear Foldable Stereo Noise Cancelling Headsets	$16.97
Waterproof Bluetooth Earbuds Headphones Wireless Headset Noise Cancelling US	$19.99
MPOW H5 ANC Bluetooth 5.0 Noise Cancelling Headphones Deep Bass 30 Hours Play	$29.98
Sony CH700N Wireless Bluetooth Noise Cancelling Headphones - WH-CH700N/L	$79.99
P47 Bluetooth Wireless Headphones Headset Noise Cancelling Over Ear & Microphone	$11.89
Wireless Headset Truck Driver Noise Cancelling Over-Head Bluetooth Headphones US	$14.59
AUSDOM ANC8 Active Noise Cancelling Bluetooth Headphones - Wireless Over-Ear	$43.00
Wireless Bluetooth Headphones Noise Cancelling Hands-free Headset With FM Radio	$22.98
Waterproof Bluetooth 5.0 Earbuds Headphone Wireless Headset Noise Cancelling Hot	$21.59
Waterproof Bluetooth 5.0 Earbuds Headphones Wireless Headset Noise Cancelling	$13.99 to $35.99
A6S Wireless Earbuds Bluetooth 5.0 Headphones Earphone Headset Noise Cancelling 	$20.99
Waterproof Bluetooth 5.0 Earbuds Headphones Wireless Headset Noise Cancelling	$23.39
2020 Wireless Earbuds Bluetooth 5.0 Headphones Earphone Headset Noise Cancelling	$18.60
Bluetooth Wireless Headphones Bluedio T5S Noise Cancelling Stereo Headsets Red	$26.00
Beats Solo Pro Bluetooth Wireless Noise Cancelling Headphones	$224.95
Wireless Bluetooth Noise Cancelling Trucker Headset Earpiece Earbud For Driving	$11.99
VIPEX Active Noise Cancelling Headphones, Bluetooth 5.0 Wireless Over Ear Headph	$33.75
Boltune Bluetooth Wireless Active Noise Cancelling Headphones BH010 SB14	$42.95
Wireless Headphones Bluetooth Over Ear Foldable Stereo Noise Cancelling Headset	$9.38
JBL T600BTNC Noise Cancelling, On-Ear, Wireless Bluetooth Headphone, Black (New)	$54.99
Bluetooth Wireless Headphones Over Ear Foldable Stereo Noise Cancelling Headset	$16.97
Wireless Bluetooth Headset Computer Headphones w/ Microphone Noise Cancelling US	$22.98 to $22.99
Wireless Headset Truck Driver Noise Cancelling Over-Head Bluetooth Headphones US	$18.85
Waterproof Bluetooth  Earbuds Headphones Wireless Headset Noise Cancelling 	$19.99
Bluedio T6 Bluetooth Headsets Active Noise Cancelling Wireless Headphones New	$28.00
Bluetooth Wireless Earbuds Headset Earphones Noise Cancelling with Charging Case	$29.99
Foldable Bluetooth 5.0 Headphones Earphones Wireless Headset Noise Cancelling	$16.89
Bluedio T5S Bluetooth  Headphones Wireless Noise Cancelling Headsets Mic	$26.00
Anker Hybrid Active Noise Cancelling Over Ear Headphones Wireless Bluetooth	$59.99
2020 Waterproof Bluetooth Earbuds Headphones Wireless Headset Noise Cancelling	$15.99 to $22.99
JBL Tune 600 BTNC Bluetooth Noise Cancelling On-Ear Wireless Headphones - White	$59.99
Skullcandy Venue Active Noise Cancelling Headphones,Over The Ear BT Wireless	$69.99
Bose QuietComfort 35 Noise Cancelling Wireless Headphones Series I - QC35	$149.99
Wireless Headphones Bluetooth Headset Noise Cancelling Over Ear With Microphone	$13.98
Sony WF-1000XM3 Wireless Bluetooth Noise Cancelling Headphones - Black #41	$104.95
JBL Tune 600 BTNC Black Over-Ear Wireless Bluetooth Noise Cancelling Headphones	$39.97
New ListingGuruGuru Active Noise Cancelling Bluetooth Wireless Over ear Headphones. 1 set	$32.95
New Bluedio T5 Generation Bluetooth Active Noise Cancelling Wireless Headphones	$34.99
Bose QuietComfort 35 Noise Cancelling Wireless Headphones Series II - QC35	$189.99
Wireless Headphones Bluetooth Over Ear Foldable Stereo Noise Cancelling Headset	$17.85 to $18.85
Sony WF-1000XM3 Wireless Bluetooth Noise Cancelling Headphones - Black	$70.00
Waterproof Bluetooth 5.0 Earbuds Headphones  Wireless Headset Noise Cancelling	$21.99
Foldable Wireless Headphones Bluetooth Headset Noise Cancelling w/Mic FM Radio	$16.93
Wireless Headphones Bluetooth Headset Over Ear Stereo Earphone Noise Cancelling	$16.95
Plantronics BackBeat PRO 2 Wireless Noise Cancelling Headphones	$87.99
Sony WF-1000XM3 Wireless Noise Cancelling Headphones - Black	$118.98
Beats Solo Pro Wireless Noise Cancelling Headphones Red | 100% Authentic	$229.00
Bluetooth Wireless Headphones Over Ear Foldable Stereo Noise Cancelling Headset	$14.99
Waterproof Wireless Bluetooth 5.0 Earbuds Headphones Headset Noise Cancelling	$20.59 to $20.99
New ListingNoise Cancelling Headset Bluetooth Wireless Phone with Mic Trucker Truck Driver	$14.99
Sony WF-1000XM3 Wireless Bluetooth Noise Cancelling Headphones - Silver #42 	$104.95
Waterproof Bluetooth 5.0 Earbuds Headphones Wireless Headset Noise Cancelling	$12.99 to $13.99
Wireless Headphones Stereo Bluetooth Headset Noise Cancelling Over Ear With Mic	$22.97
Bluetooth 5.0 Earbuds Headphones Wireless Headset Noise Cancelling Waterproof	$6.68 to $19.99
VIPEX Active Noise Cancelling Headphones Bluetooth 5.0 Wireless 30 Hrs play time	$35.99
Wireless Headset Truck Driver Noise Cancelling Bluetooth Headphones With Mic USA	$14.69
Sony WH-1000XM2 Wireless Bluetooth Noise Cancelling Hi-Fi Headphones	$199.99
Wireless Bluetooth 5.0 Headphones Foldable Earphones Noise Cancelling Headset	$13.98
JBL Everest Elite 750NC Bluetooth Wireless Headphones Noise Cancelling Gun Metal	$114.95
Wireless Bluetooth Headphones Over Ear Stereo Earphones Headset Noise Cancelling	$20.99 to $21.59
COWIN E7 Active Noise Cancelling Wireless Bluetooth Headphones with Microphone	$59.99
Cowin E7 [2018 Upgraded] Noise Cancelling Headset Wireless Bluetooth Headphones 	$47.99
Pioneer SE-MS9BN-G Bluetooth Wireless Noise Cancelling Headphones - Brand New!	$144.99
Wireless Bluetooth Headphones Over Ear Foldable Stereo Noise Cancelling Headsets	$16.97
Waterproof Bluetooth Earbuds Headphones Wireless Headset Noise Cancelling US	$19.99
MPOW H5 ANC Bluetooth 5.0 Noise Cancelling Headphones Deep Bass 30 Hours Play	$29.98
Sony CH700N Wireless Bluetooth Noise Cancelling Headphones - WH-CH700N/L	$79.99
P47 Bluetooth Wireless Headphones Headset Noise Cancelling Over Ear & Microphone	$11.89
AUSDOM ANC8 Active Noise Cancelling Bluetooth Headphones - Wireless Over-Ear	$43.00
Bluetooth Noise Cancelling Headphones Over Ear Stereo Earphones Wireless Headset	$18.99
Wireless Bluetooth Headphones Noise Cancelling Hands-free Headset With FM Radio	$22.98
2020 Waterproof Bluetooth Earbuds Headphones Wireless Headset Noise Cancelling	$17.99 to $22.99
Waterproof Bluetooth 5.0 Earbuds Headphones Wireless Headset Noise Cancelling	$13.99 to $35.99
A6S Wireless Earbuds Bluetooth 5.0 Headphones Earphone Headset Noise Cancelling 	$20.99
Waterproof Bluetooth 5.0 Earbuds Headphones Wireless Headset Noise Cancelling	$23.39
2020 Wireless Earbuds Bluetooth 5.0 Headphones Earphone Headset Noise Cancelling	$18.60
Bluetooth Wireless Headphones Bluedio T5S Noise Cancelling Stereo Headsets Red	$26.00
Beats Solo Pro Bluetooth Wireless Noise Cancelling Headphones	$224.95
Wireless Bluetooth Noise Cancelling Trucker Headset Earpiece Earbud For Driving	$11.99
VIPEX Active Noise Cancelling Headphones, Bluetooth 5.0 Wireless Over Ear Headph	$33.75
Boltune Bluetooth Wireless Active Noise Cancelling Headphones BH010 SB14	$42.95
Wireless Headphones Bluetooth Over Ear Foldable Stereo Noise Cancelling Headset	$9.38
JBL T600BTNC Noise Cancelling, On-Ear, Wireless Bluetooth Headphone, Black (New)	$54.99
Bluetooth Wireless Headphones Over Ear Foldable Stereo Noise Cancelling Headset	$16.97
Wireless Bluetooth Headset Computer Headphones w/ Microphone Noise Cancelling US	$22.98 to $22.99
Wireless Headset Truck Driver Noise Cancelling Over-Head Bluetooth Headphones US	$18.85
Waterproof Bluetooth  Earbuds Headphones Wireless Headset Noise Cancelling 	$19.99
Bluedio T6 Bluetooth Headsets Active Noise Cancelling Wireless Headphones New	$28.00
Bluetooth Wireless Earbuds Headset Earphones Noise Cancelling with Charging Case	$29.99
Foldable Bluetooth 5.0 Headphones Earphones Wireless Headset Noise Cancelling	$16.89
Bluedio T5S Bluetooth  Headphones Wireless Noise Cancelling Headsets Mic	$26.00
Anker Hybrid Active Noise Cancelling Over Ear Headphones Wireless Bluetooth	$59.99
2020 Waterproof Bluetooth Earbuds Headphones Wireless Headset Noise Cancelling	$15.99 to $22.99
JBL Tune 600 BTNC Bluetooth Noise Cancelling On-Ear Wireless Headphones - White	$59.99
Skullcandy Venue Active Noise Cancelling Headphones,Over The Ear BT Wireless	$69.99
Bose QuietComfort 35 Noise Cancelling Wireless Headphones Series I - QC35	$149.99
Wireless Headphones Bluetooth Headset Noise Cancelling Over Ear With Microphone	$13.98
Sony WF-1000XM3 Wireless Bluetooth Noise Cancelling Headphones - Black #41	$104.95
JBL Tune 600 BTNC Black Over-Ear Wireless Bluetooth Noise Cancelling Headphones	$39.97
New ListingGuruGuru Active Noise Cancelling Bluetooth Wireless Over ear Headphones. 1 set	$32.95
New Bluedio T5 Generation Bluetooth Active Noise Cancelling Wireless Headphones	$34.99
Bose QuietComfort 35 Noise Cancelling Wireless Headphones Series II - QC35	$189.99
Wireless Headphones Bluetooth Over Ear Foldable Stereo Noise Cancelling Headset	$17.85 to $18.85
Sony WF-1000XM3 Wireless Bluetooth Noise Cancelling Headphones - Black	$70.00
Waterproof Bluetooth 5.0 Earbuds Headphones  Wireless Headset Noise Cancelling	$21.99
Foldable Wireless Headphones Bluetooth Headset Noise Cancelling w/Mic FM Radio	$16.93
Wireless Headphones Bluetooth Headset Over Ear Stereo Earphone Noise Cancelling	$16.95
Plantronics BackBeat PRO 2 Wireless Noise Cancelling Headphones	$87.99
Sony WF-1000XM3 Wireless Noise Cancelling Headphones - Black	$118.98
Beats Solo Pro Wireless Noise Cancelling Headphones Red | 100% Authentic	$229.00
Bluetooth Wireless Headphones Over Ear Foldable Stereo Noise Cancelling Headset	$14.99
Waterproof Wireless Bluetooth 5.0 Earbuds Headphones Headset Noise Cancelling	$20.59 to $20.99
New ListingNoise Cancelling Headset Bluetooth Wireless Phone with Mic Trucker Truck Driver	$14.99
Sony WF-1000XM3 Wireless Bluetooth Noise Cancelling Headphones - Silver #42 	$104.95
Waterproof Bluetooth 5.0 Earbuds Headphones Wireless Headset Noise Cancelling	$12.99 to $13.99
Wireless Headphones Stereo Bluetooth Headset Noise Cancelling Over Ear With Mic	$22.97
Bluetooth 5.0 Earbuds Headphones Wireless Headset Noise Cancelling Waterproof	$6.68 to $19.99
VIPEX Active Noise Cancelling Headphones Bluetooth 5.0 Wireless 30 Hrs play time	$35.99
Wireless Headset Truck Driver Noise Cancelling Bluetooth Headphones With Mic USA	$14.69
Sony WH-1000XM2 Wireless Bluetooth Noise Cancelling Hi-Fi Headphones	$199.99
Wireless Bluetooth 5.0 Headphones Foldable Earphones Noise Cancelling Headset	$13.98
JBL Everest Elite 750NC Bluetooth Wireless Headphones Noise Cancelling Gun Metal	$114.95
Wireless Bluetooth Headphones Over Ear Stereo Earphones Headset Noise Cancelling	$20.99 to $21.59
COWIN E7 Active Noise Cancelling Wireless Bluetooth Headphones with Microphone	$59.99
Cowin E7 [2018 Upgraded] Noise Cancelling Headset Wireless Bluetooth Headphones 	$47.99
Pioneer SE-MS9BN-G Bluetooth Wireless Noise Cancelling Headphones - Brand New!	$144.99
Wireless Bluetooth Headphones Over Ear Foldable Stereo Noise Cancelling Headsets	$16.97
Waterproof Bluetooth Earbuds Headphones Wireless Headset Noise Cancelling US	$19.99
MPOW H5 ANC Bluetooth 5.0 Noise Cancelling Headphones Deep Bass 30 Hours Play	$29.98
Sony CH700N Wireless Bluetooth Noise Cancelling Headphones - WH-CH700N/L	$79.99
P47 Bluetooth Wireless Headphones Headset Noise Cancelling Over Ear & Microphone	$11.89
AUSDOM ANC8 Active Noise Cancelling Bluetooth Headphones - Wireless Over-Ear	$43.00
Bluetooth Noise Cancelling Headphones Over Ear Stereo Earphones Wireless Headset	$18.99
Wireless Bluetooth Headphones Noise Cancelling Hands-free Headset With FM Radio	$22.98
2020 Waterproof Bluetooth Earbuds Headphones Wireless Headset Noise Cancelling	$17.99 to $22.99
Waterproof Bluetooth 5.0 Earbuds Headphones Wireless Headset Noise Cancelling	$13.99 to $35.99
A6S Wireless Earbuds Bluetooth 5.0 Headphones Earphone Headset Noise Cancelling 	$20.99
Waterproof Bluetooth 5.0 Earbuds Headphones Wireless Headset Noise Cancelling	$23.39
2020 Wireless Earbuds Bluetooth 5.0 Headphones Earphone Headset Noise Cancelling	$18.60
Bluetooth Wireless Headphones Bluedio T5S Noise Cancelling Stereo Headsets Red	$26.00
Beats Solo Pro Bluetooth Wireless Noise Cancelling Headphones	$224.95
Wireless Bluetooth Noise Cancelling Trucker Headset Earpiece Earbud For Driving	$11.99
VIPEX Active Noise Cancelling Headphones, Bluetooth 5.0 Wireless Over Ear Headph	$33.75
Boltune Bluetooth Wireless Active Noise Cancelling Headphones BH010 SB14	$42.95
Wireless Headphones Bluetooth Over Ear Foldable Stereo Noise Cancelling Headset	$9.38
JBL T600BTNC Noise Cancelling, On-Ear, Wireless Bluetooth Headphone, Black (New)	$54.99
Bluetooth Wireless Headphones Over Ear Foldable Stereo Noise Cancelling Headset	$16.97
Wireless Bluetooth Headset Computer Headphones w/ Microphone Noise Cancelling US	$22.98 to $22.99
Wireless Headset Truck Driver Noise Cancelling Over-Head Bluetooth Headphones US	$18.85
Waterproof Bluetooth  Earbuds Headphones Wireless Headset Noise Cancelling 	$19.99
Bluedio T6 Bluetooth Headsets Active Noise Cancelling Wireless Headphones New	$28.00
Bluetooth Wireless Earbuds Headset Earphones Noise Cancelling with Charging Case	$29.99
Foldable Bluetooth 5.0 Headphones Earphones Wireless Headset Noise Cancelling	$16.89
Bluedio T5S Bluetooth  Headphones Wireless Noise Cancelling Headsets Mic	$26.00
Anker Hybrid Active Noise Cancelling Over Ear Headphones Wireless Bluetooth	$59.99
2020 Waterproof Bluetooth Earbuds Headphones Wireless Headset Noise Cancelling	$15.99 to $22.99
JBL Tune 600 BTNC Bluetooth Noise Cancelling On-Ear Wireless Headphones - White	$59.99
Skullcandy Venue Active Noise Cancelling Headphones,Over The Ear BT Wireless	$69.99
Bose QuietComfort 35 Noise Cancelling Wireless Headphones Series I - QC35	$149.99
Wireless Headphones Bluetooth Headset Noise Cancelling Over Ear With Microphone	$13.98
Sony WF-1000XM3 Wireless Bluetooth Noise Cancelling Headphones - Black #41	$104.95
JBL Tune 600 BTNC Black Over-Ear Wireless Bluetooth Noise Cancelling Headphones	$39.97
New ListingGuruGuru Active Noise Cancelling Bluetooth Wireless Over ear Headphones. 1 set	$32.95
New Bluedio T5 Generation Bluetooth Active Noise Cancelling Wireless Headphones	$34.99
Bose QuietComfort 35 Noise Cancelling Wireless Headphones Series II - QC35	$189.99
Wireless Headphones Bluetooth Over Ear Foldable Stereo Noise Cancelling Headset	$17.85 to $18.85
Sony WF-1000XM3 Wireless Bluetooth Noise Cancelling Headphones - Black	$70.00
Waterproof Bluetooth 5.0 Earbuds Headphones  Wireless Headset Noise Cancelling	$21.99
Foldable Wireless Headphones Bluetooth Headset Noise Cancelling w/Mic FM Radio	$16.93
Wireless Headphones Bluetooth Headset Over Ear Stereo Earphone Noise Cancelling	$16.95
Plantronics BackBeat PRO 2 Wireless Noise Cancelling Headphones	$87.99
Sony WF-1000XM3 Wireless Noise Cancelling Headphones - Black	$118.98
Beats Solo Pro Wireless Noise Cancelling Headphones Red | 100% Authentic	$229.00
Bluetooth Wireless Headphones Over Ear Foldable Stereo Noise Cancelling Headset	$14.99
Waterproof Wireless Bluetooth 5.0 Earbuds Headphones Headset Noise Cancelling	$20.59 to $20.99
New ListingNoise Cancelling Headset Bluetooth Wireless Phone with Mic Trucker Truck Driver	$14.99
Sony WF-1000XM3 Wireless Bluetooth Noise Cancelling Headphones - Silver #42 	$104.95
Waterproof Bluetooth 5.0 Earbuds Headphones Wireless Headset Noise Cancelling	$12.99 to $13.99
Wireless Headphones Stereo Bluetooth Headset Noise Cancelling Over Ear With Mic	$22.97
Bluetooth 5.0 Earbuds Headphones Wireless Headset Noise Cancelling Waterproof	$6.68 to $19.99
VIPEX Active Noise Cancelling Headphones Bluetooth 5.0 Wireless 30 Hrs play time	$35.99
Wireless Headset Truck Driver Noise Cancelling Bluetooth Headphones With Mic USA	$14.69
Sony WH-1000XM2 Wireless Bluetooth Noise Cancelling Hi-Fi Headphones	$199.99
Wireless Bluetooth 5.0 Headphones Foldable Earphones Noise Cancelling Headset	$13.98
JBL Everest Elite 750NC Bluetooth Wireless Headphones Noise Cancelling Gun Metal	$114.95
Wireless Bluetooth Headphones Over Ear Stereo Earphones Headset Noise Cancelling	$20.99 to $21.59
COWIN E7 Active Noise Cancelling Wireless Bluetooth Headphones with Microphone	$59.99
Cowin E7 [2018 Upgraded] Noise Cancelling Headset Wireless Bluetooth Headphones 	$47.99
Pioneer SE-MS9BN-G Bluetooth Wireless Noise Cancelling Headphones - Brand New!	$144.99
Wireless Bluetooth Headphones Over Ear Foldable Stereo Noise Cancelling Headsets	$16.97
Waterproof Bluetooth Earbuds Headphones Wireless Headset Noise Cancelling US	$19.99
MPOW H5 ANC Bluetooth 5.0 Noise Cancelling Headphones Deep Bass 30 Hours Play	$29.98
Sony CH700N Wireless Bluetooth Noise Cancelling Headphones - WH-CH700N/L	$79.99
P47 Bluetooth Wireless Headphones Headset Noise Cancelling Over Ear & Microphone	$11.89
AUSDOM ANC8 Active Noise Cancelling Bluetooth Headphones - Wireless Over-Ear	$43.00
Bluetooth Noise Cancelling Headphones Over Ear Stereo Earphones Wireless Headset	$18.99
Wireless Bluetooth Headphones Noise Cancelling Hands-free Headset With FM Radio	$22.98
2020 Waterproof Bluetooth Earbuds Headphones Wireless Headset Noise Cancelling	$17.99 to $22.99
